{
  "exp": "019a8cb9269064ba",
  "npz_path": "nnbd_v8_out\\coupling_019a8cb9269064ba.npz",
  "n": 201,
  "mean": 1.0494645506406952e-17,
  "std": 1.0,
  "skew": -0.052373653236605415,
  "kurt_excess": -0.06894883163761767,
  "ks_D": 0.04141365474569797,
  "ks_p": 0.8741436355870007,
  "ac1": -0.5210327161734445,
  "q_min": -2.9686435758767113,
  "q_max": 2.4258801352316395,
  "z_min": -2.9625553723084197,
  "z_max": 2.4185323933761556
}