{
  "exp": "8d3d978be11ae250",
  "npz_path": "nnbd_v8_out\\coupling_8d3d978be11ae250.npz",
  "n": 201,
  "mean": 4.08738824986376e-17,
  "std": 0.9999999999999999,
  "skew": -0.22583672316623388,
  "kurt_excess": -0.5177490035655103,
  "ks_D": 0.04760438616589824,
  "ks_p": 0.7426031364876082,
  "ac1": -0.7609486353083343,
  "q_min": -2.7598798614033386,
  "q_max": 2.0830701103851768,
  "z_min": -2.7552123707205443,
  "z_max": 2.075675440440697
}