{
  "exp": "bc00b4127231e034",
  "npz_path": "nnbd_v8_out\\coupling_bc00b4127231e034.npz",
  "n": 201,
  "mean": -1.9884591485823698e-17,
  "std": 1.0,
  "skew": -0.03839582686069225,
  "kurt_excess": -0.5580595751672082,
  "ks_D": 0.04797139608540779,
  "ks_p": 0.7340019760815112,
  "ac1": -0.37973362026794244,
  "q_min": -2.3820780421225884,
  "q_max": 2.7588453896958605,
  "z_min": -2.3750527377399777,
  "z_max": 2.753066381713418
}